"Sp1.TL1","Sp2.TL1","Sp3.TL1","Sp4.TL2","Sp5.TL3"
-1,0,0,12.5,0
0,-1,0,0,2.72526856637004
0,0,-1,0,3.68059058448009
-12.5,0,0,0,3.59414084914987
0,-2.72526856637004,-3.68059058448009,-3.59414084914987,0
