"Sp1.TL1","Sp2.TL1","Sp3.TL1","Sp4.TL2","Sp5.TL3"
-1,0,0,12.03272795124,0
0,-1,0,0,2.81840728489752
0,0,-1,0.467272048759983,0
-12.03272795124,0,-0.467272048759983,0,7.18159271510248
0,-2.81840728489752,0,-7.18159271510248,0
