"Sp1.TL1","Sp2.TL1","Sp3.TL1","Sp4.TL2","Sp5.TL3"
-1,0,0,0,8.14859451327194
0,-1,0,4.24093658210098,0
0,0,-1,8.25906341789902,0
0,-4.24093658210098,-8.25906341789902,0,1.85140548672806
-8.14859451327194,0,0,-1.85140548672806,0
