"Sp1.TL1","Sp2.TL1","Sp3.TL1","Sp4.TL2","Sp5.TL3"
-1,0,0,0,5.39230552843482
0,-1,0,12.5,0
0,0,-1,0,0.434993830730847
0,-12.5,0,0,4.17270064083433
-5.39230552843482,0,-0.434993830730847,-4.17270064083433,0
