"Sp1.TL1","Sp2.TL1","Sp3.TL1","Sp4.TL2","Sp5.TL3"
-1,0,0,0,7.49540092922793
0,-1,0,7.79972774382927,0
0,0,-1,4.70027225617073,0.328518004564171
0,-7.79972774382927,-4.70027225617073,0,2.1760810662079
-7.49540092922793,0,-0.328518004564171,-2.1760810662079,0
