"Sp1.TL1","Sp2.TL1","Sp3.TL1","Sp4.TL2","Sp5.TL3"
-1,0,0,6.47991574501263,0.18265346365323
0,-1,0,0,9.64390039972304
0,0,-1,6.02008425498737,0
-6.47991574501263,0,-6.02008425498737,0,0.173446136623733
-0.18265346365323,-9.64390039972304,0,-0.173446136623733,0
