"Sp1.TL1","Sp2.TL1","Sp3.TL1","Sp4.TL2","Sp5.TL3"
-1,0,0,0,7.5480785296741
0,-1,0,12.5,0
0,0,-1,0,1.13717814991429
0,-12.5,0,0,1.31474332041161
-7.5480785296741,0,-1.13717814991429,-1.31474332041161,0
