"Sp1.TL1","Sp2.TL1","Sp3.TL1","Sp4.TL2","Sp5.TL3"
-1,0,0,10.6930793559805,0
0,-1,0,0,5.54086518568057
0,0,-1,1.80692064401951,0
-10.6930793559805,0,-1.80692064401951,0,4.45913481431943
0,-5.54086518568057,0,-4.45913481431943,0
