"Sp1.TL1","Sp2.TL1","Sp3.TL1","Sp4.TL2","Sp5.TL3"
-1,0,0,0.73956463778022,0
0,-1,0,11.7604353622198,0
0,0,-1,0,4.12950508877287
-0.73956463778022,-11.7604353622198,0,0,5.87049491122713
0,0,-4.12950508877287,-5.87049491122713,0
