"Sp1.TL1","Sp2.TL1","Sp3.TL1","Sp4.TL2","Sp5.TL3"
-1,0,0,12.5,0
0,-1,0,0,8.66741088283588
0,0,-1,0,0.113125706512738
-12.5,0,0,0,1.21946341065138
0,-8.66741088283588,-0.113125706512738,-1.21946341065138,0
