"Sp1.TL1","Sp2.TL1","Sp3.TL1","Sp4.TL2","Sp5.TL3"
-1,0,0,10.4078002723756,0
0,-1,0,0,7.37421839148141
0,0,-1,2.09219972762437,0
-10.4078002723756,0,-2.09219972762437,0,2.62578160851859
0,-7.37421839148141,0,-2.62578160851859,0
