"Sp1.TL1","Sp2.TL1","Sp3.TL1","Sp4.TL2","Sp5.TL3"
-1,0,0,11.6039876951452,0
0,-1,0,0,6.07444704146102
0,0,-1,0.896012304854792,0
-11.6039876951452,0,-0.896012304854792,0,3.92555295853898
0,-6.07444704146102,0,-3.92555295853898,0
