"Sp1.TL1","Sp2.TL1","Sp3.TL1","Sp4.TL2","Sp5.TL3"
-1,0,0,0,6.87511823524796
0,-1,0,0.0166467255016812,0
0,0,-1,12.4833532744983,0
0,-0.0166467255016812,-12.4833532744983,0,3.12488176475204
-6.87511823524796,0,0,-3.12488176475204,0
