"Sp1.TL1","Sp2.TL1","Sp3.TL1","Sp4.TL2","Sp5.TL3"
-1,0,0,4.71271109759427,0
0,-1,0,0,4.882909271797
0,0,-1,7.78728890240573,0
-4.71271109759427,0,-7.78728890240573,0,5.117090728203
0,-4.882909271797,0,-5.117090728203,0
