"Sp1.TL1","Sp2.TL1","Sp3.TL1","Sp4.TL2","Sp5.TL3"
-1,0,0,0,4.03764512667276
0,-1,0,9.20560567638758,0
0,0,-1,3.29439432361242,0
0,-9.20560567638758,-3.29439432361242,0,5.96235487332724
-4.03764512667276,0,0,-5.96235487332724,0
