"Sp1.TL1","Sp2.TL1","Sp3.TL1","Sp4.TL2","Sp5.TL3"
-1,0,0,0,7.25206025761162
0,-1,0,0,1.32918795050006
0,0,-1,12.5,0
0,0,-12.5,0,1.41875179188832
-7.25206025761162,-1.32918795050006,0,-1.41875179188832,0
