"Sp1.TL1","Sp2.TL1","Sp3.TL1","Sp4.TL2","Sp5.TL3"
-1,0,0,3.81099193953537,4.33273082731311
0,-1,0,4.60218153561095,0
0,0,-1,4.08682652485368,0
-3.81099193953537,-4.60218153561095,-4.08682652485368,0,5.66726917268689
-4.33273082731311,0,0,-5.66726917268689,0
