"Sp1.TL1","Sp2.TL1","Sp3.TL1","Sp4.TL2","Sp5.TL3"
-1,0,0,12.204192277085,0
0,-1,0,0,8.27743737111571
0,0,-1,0.295807722915005,0
-12.204192277085,0,-0.295807722915005,0,1.72256262888429
0,-8.27743737111571,0,-1.72256262888429,0
