"Sp1.TL1","Sp2.TL1","Sp3.TL1","Sp4.TL2","Sp5.TL3"
-1,0,0,3.95582585463734,0
0,-1,0,0,6.36847181525403
0,0,-1,8.54417414536266,0
-3.95582585463734,0,-8.54417414536266,0,3.63152818474597
0,-6.36847181525403,0,-3.63152818474597,0
