"Sp1.TL1","Sp2.TL1","Sp3.TL1","Sp4.TL2","Sp5.TL3"
-1,0,0,2.53866181034125,0
0,-1,0,9.96133818965875,0
0,0,-1,0,4.52081819329275
-2.53866181034125,-9.96133818965875,0,0,5.47918180670725
0,0,-4.52081819329275,-5.47918180670725,0
