"Sp1.TL1","Sp2.TL1","Sp3.TL1","Sp4.TL2","Sp5.TL3"
-1,0,0,9.34962025210154,0
0,-1,0,3.15037974789845,0
0,0,-1,0,4.3898891657677
-9.34962025210154,-3.15037974789845,0,0,5.6101108342323
0,0,-4.3898891657677,-5.6101108342323,0
