"Sp1.TL1","Sp2.TL1","Sp3.TL1","Sp4.TL2","Sp5.TL3"
-1,0,0,0,1.8164337251743
0,-1,0,12.5,0
0,0,-1,0,4.50921846037303
0,-12.5,0,0,3.67434781445267
-1.8164337251743,0,-4.50921846037303,-3.67434781445267,0
