"Sp1.TL1","Sp2.TL1","Sp3.TL1","Sp4.TL2","Sp5.TL3"
-1,0,0,0.754094708595655,0
0,-1,0,11.0206135658572,0
0,0,-1,0.725291725547103,4.54759772623328
-0.754094708595655,-11.0206135658572,-0.725291725547103,0,5.45240227376672
0,0,-4.54759772623328,-5.45240227376672,0
