"Sp1.TL1","Sp2.TL1","Sp3.TL1","Sp4.TL2","Sp5.TL3"
-1,0,0,0,3.23503925030223
0,-1,0,12.5,0.334619241013501
0,0,-1,0,5.41899255653537
0,-12.5,0,0,1.0113489521489
-3.23503925030223,-0.334619241013501,-5.41899255653537,-1.0113489521489,0
