"Sp1.TL1","Sp2.TL1","Sp3.TL1","Sp4.TL2","Sp5.TL3"
-1,0,0,0,5.58188221852683
0,-1,0,0,2.04838052829625
0,0,-1,12.5,0
0,0,-12.5,0,2.36973725317692
-5.58188221852683,-2.04838052829625,0,-2.36973725317692,0
