"Sp1.TL1","Sp2.TL1","Sp3.TL1","Sp4.TL2","Sp5.TL3"
-1,0,0,0,0.576441075223085
0,-1,0,5.17840398588388,6.15274395403342
0,0,-1,7.32159601411613,2.34230305794409
0,-5.17840398588388,-7.32159601411613,0,0.928511912799397
-0.576441075223085,-6.15274395403342,-2.34230305794409,-0.928511912799397,0
