"Sp1.TL1","Sp2.TL1","Sp3.TL1","Sp4.TL2","Sp5.TL3"
-1,0,0,0,8.12979704879903
0,-1,0,11.007806580233,0
0,0,-1,1.49219341976702,0
0,-11.007806580233,-1.49219341976702,0,1.87020295120097
-8.12979704879903,0,0,-1.87020295120097,0
