"Sp1.TL1","Sp2.TL1","Sp3.TL1","Sp4.TL2","Sp5.TL3"
-1,0,0,12.5,0
0,-1,0,0,0.667623083646379
0,0,-1,0,7.75531896065053
-12.5,0,0,0,1.5770579557031
0,-0.667623083646379,-7.75531896065053,-1.5770579557031,0
