"Sp1.TL1","Sp2.TL1","Sp3.TL1","Sp4.TL2","Sp5.TL3"
-1,0,0,0,1.96906748388466
0,-1,0,7.02652517236026,2.19894813437519
0,0,-1,5.47347482763974,0
0,-7.02652517236026,-5.47347482763974,0,5.83198438174015
-1.96906748388466,-2.19894813437519,0,-5.83198438174015,0
