"Sp1.TL1","Sp2.TL1","Sp3.TL1","Sp4.TL2","Sp5.TL3"
-1,0,0,0,4.17932380919805
0,-1,0,12.5,0
0,0,-1,0,4.58917123988983
0,-12.5,0,0,1.23150495091212
-4.17932380919805,0,-4.58917123988983,-1.23150495091212,0
