"Sp1.TL1","Sp2.TL1","Sp3.TL1","Sp4.TL2","Sp5.TL3"
-1,0,0,0,8.1702006382646
0,-1,0,11.8439973024359,0
0,0,-1,0.656002697564084,0
0,-11.8439973024359,-0.656002697564084,0,1.8297993617354
-8.1702006382646,0,0,-1.8297993617354,0
