"Sp1.TL1","Sp2.TL1","Sp3.TL1","Sp4.TL2","Sp5.TL3"
-1,0,0,12.5,0
0,-1,0,0,3.12853629285125
0,0,-1,0,3.19134479593837
-12.5,0,0,0,3.68011891121038
0,-3.12853629285125,-3.19134479593837,-3.68011891121038,0
