"Sp1.TL1","Sp2.TL1","Sp3.TL1","Sp4.TL2","Sp5.TL3"
-1,0,0,9.02046331219726,0
0,-1,0,0,9.9276252833229
0,0,-1,3.47953668780274,0
-9.02046331219726,0,-3.47953668780274,0,0.0723747166770999
0,-9.9276252833229,0,-0.0723747166770999,0
