"Sp1.TL1","Sp2.TL1","Sp3.TL1","Sp4.TL2","Sp5.TL3"
-1,0,0,0,6.74427789482422
0,-1,0,12.5,0
0,0,-1,0,1.05991536482167
0,-12.5,0,0,2.19580674035411
-6.74427789482422,0,-1.05991536482167,-2.19580674035411,0
