"Sp1.TL1","Sp2.TL1","Sp3.TL1","Sp4.TL2","Sp5.TL3"
-1,0,0,0,5.74906215035249
0,-1,0,2.92372465322871,0
0,0,-1,9.57627534677128,0
0,-2.92372465322871,-9.57627534677128,0,4.25093784964751
-5.74906215035249,0,0,-4.25093784964751,0
