"Sp1.TL1","Sp2.TL1","Sp3.TL1","Sp4.TL2","Sp5.TL3"
-1,0,0,0,3.32744541633047
0,-1,0,7.35059243842252,0
0,0,-1,5.14940756157748,4.43962235773344
0,-7.35059243842252,-5.14940756157748,0,2.23293222593609
-3.32744541633047,0,-4.43962235773344,-2.23293222593609,0
