"Sp1.TL1","Sp2.TL1","Sp3.TL1","Sp4.TL2","Sp5.TL3"
-1,0,0,8.41179462765541,0
0,-1,0,0,5.48643261777461
0,0,-1,4.08820537234459,0
-8.41179462765541,0,-4.08820537234459,0,4.51356738222539
0,-5.48643261777461,0,-4.51356738222539,0
