"Sp1.TL1","Sp2.TL1","Sp3.TL1","Sp4.TL2","Sp5.TL3"
-1,0,0,0.200437802408033,0
0,-1,0,12.299562197592,2.39541033793302
0,0,-1,0,4.19286162046326
-0.200437802408033,-12.299562197592,0,0,3.41172804160372
0,-2.39541033793302,-4.19286162046326,-3.41172804160372,0
