"Sp1.TL1","Sp2.TL1","Sp3.TL1","Sp4.TL2","Sp5.TL3"
-1,0,0,9.12326420689608,0
0,-1,0,3.37673579310392,0
0,0,-1,0,3.89376573433305
-9.12326420689608,-3.37673579310392,0,0,6.10623426566695
0,0,-3.89376573433305,-6.10623426566695,0
