"Sp1.TL1","Sp2.TL1","Sp3.TL1","Sp4.TL2","Sp5.TL3"
-1,0,0,2.15262637785568,0
0,-1,0,8.24134304387953,4.70574473257792
0,0,-1,2.10603057826479,0
-2.15262637785568,-8.24134304387953,-2.10603057826479,0,5.29425526742208
0,-4.70574473257792,0,-5.29425526742208,0
