"Sp1.TL1","Sp2.TL1","Sp3.TL1","Sp4.TL2","Sp5.TL3"
-1,0,0,0.0332608850938486,2.87945338491298
0,-1,0,12.4667391149062,0
0,0,-1,0,6.09752784388773
-0.0332608850938486,-12.4667391149062,0,0,1.02301877119929
-2.87945338491298,0,-6.09752784388773,-1.02301877119929,0
