"Sp1.TL1","Sp2.TL1","Sp3.TL1","Sp4.TL2","Sp5.TL3"
-1,0,0,5.22119182097498,6.072082439654
0,-1,0,3.74830095684958,0
0,0,-1,3.53050722217544,0
-5.22119182097498,-3.74830095684958,-3.53050722217544,0,3.927917560346
-6.072082439654,0,0,-3.927917560346,0
