"Sp1.TL1","Sp2.TL1","Sp3.TL1","Sp4.TL2","Sp5.TL3"
-1,0,0,0,9.95574677619201
0,-1,0,11.5261671805887,0
0,0,-1,0.973832819411292,0
0,-11.5261671805887,-0.973832819411292,0,0.0442532238079923
-9.95574677619201,0,0,-0.0442532238079923,0
