"Sp1.TL1","Sp2.TL1","Sp3.TL1","Sp4.TL2","Sp5.TL3"
-1,0,0,4.50811963282425,0
0,-1,0,4.78054369162447,0
0,0,-1,3.21133667555127,7.64562736755952
-4.50811963282425,-4.78054369162447,-3.21133667555127,0,2.35437263244048
0,0,-7.64562736755952,-2.35437263244048,0
