"Sp1.TL1","Sp2.TL1","Sp3.TL1","Sp4.TL2","Sp5.TL3"
-1,0,0,11.9279126508285,0
0,-1,0,0.572087349171547,0
0,0,-1,0,5.84182610484318
-11.9279126508285,-0.572087349171547,0,0,4.15817389515682
0,0,-5.84182610484318,-4.15817389515682,0
