"Sp1.TL1","Sp2.TL1","Sp3.TL1","Sp4.TL2","Sp5.TL3"
-1,0,0,12.3874435299283,0
0,-1,0,0,0.632093129887147
0,0,-1,0.112556470071726,8.61925572359162
-12.3874435299283,0,-0.112556470071726,0,0.748651146521237
0,-0.632093129887147,-8.61925572359162,-0.748651146521237,0
