"Sp1.TL1","Sp2.TL1","Sp3.TL1","Sp4.TL2","Sp5.TL3"
-1,0,0,0,2.95703751871288
0,-1,0,4.66880071668569,0
0,0,-1,7.83119928331431,4.12200033009904
0,-4.66880071668569,-7.83119928331431,0,2.92096215118808
-2.95703751871288,0,-4.12200033009904,-2.92096215118808,0
