"Sp1.TL1","Sp2.TL1","Sp3.TL1","Sp4.TL2","Sp5.TL3"
-1,0,0,0,4.68343032643581
0,-1,0,12.5,0
0,0,-1,0,0.211458867518357
0,-12.5,0,0,5.10511080604584
-4.68343032643581,0,-0.211458867518357,-5.10511080604584,0
