"Sp1.TL1","Sp2.TL1","Sp3.TL1","Sp4.TL2","Sp5.TL3"
-1,0,0,0,3.23275693029569
0,-1,0,3.45105570987877,0
0,0,-1,9.04894429012123,0
0,-3.45105570987877,-9.04894429012123,0,6.76724306970431
-3.23275693029569,0,0,-6.76724306970431,0
