"Sp1.TL1","Sp2.TL1","Sp3.TL1","Sp4.TL2","Sp5.TL3"
-1,0,0,4.46470444508909,0
0,-1,0,0,6.65180501848152
0,0,-1,8.03529555491091,0
-4.46470444508909,0,-8.03529555491091,0,3.34819498151848
0,-6.65180501848152,0,-3.34819498151848,0
