"Sp1.TL1","Sp2.TL1","Sp3.TL1","Sp4.TL2","Sp5.TL3"
-1,0,0,0,5.36154138121167
0,-1,0,12.5,0
0,0,-1,0,1.63638543801551
0,-12.5,0,0,3.00207318077282
-5.36154138121167,0,-1.63638543801551,-3.00207318077282,0
