"Sp1.TL1","Sp2.TL1","Sp3.TL1","Sp4.TL2","Sp5.TL3"
-1,0,0,7.86354823328231,5.16677786204055
0,-1,0,2.96049634031837,0
0,0,-1,1.67595542639932,0
-7.86354823328231,-2.96049634031837,-1.67595542639932,0,4.83322213795945
-5.16677786204055,0,0,-4.83322213795945,0
