"Sp1.TL1","Sp2.TL1","Sp3.TL1","Sp4.TL2","Sp5.TL3"
-1,0,0,5.29025827921426,0
0,-1,0,6.52146410188762,3.61636195989262
0,0,-1,0.688277618898115,0
-5.29025827921426,-6.52146410188762,-0.688277618898115,0,6.38363804010738
0,-3.61636195989262,0,-6.38363804010738,0
