"Sp1.TL1","Sp2.TL1","Sp3.TL1","Sp4.TL2","Sp5.TL3"
-1,0,0,0.722598119306661,1.3875818890046
0,-1,0,11.7774018806933,0
0,0,-1,0,2.16440518555747
-0.722598119306661,-11.7774018806933,0,0,6.44801292543793
-1.3875818890046,0,-2.16440518555747,-6.44801292543793,0
