"Sp1.TL1","Sp2.TL1","Sp3.TL1","Sp4.TL2","Sp5.TL3"
-1,0,0,10.3197013468864,0
0,-1,0,0,2.69118394315678
0,0,-1,2.18029865311362,0
-10.3197013468864,0,-2.18029865311362,0,7.30881605684322
0,-2.69118394315678,0,-7.30881605684322,0
