"Sp1.TL1","Sp2.TL1","Sp3.TL1","Sp4.TL2","Sp5.TL3"
-1,0,0,4.53301758127322,0
0,-1,0,3.55616235529343,1.81089974656657
0,0,-1,4.41082006343335,6.36237791094864
-4.53301758127322,-3.55616235529343,-4.41082006343335,0,1.82672234248478
0,-1.81089974656657,-6.36237791094864,-1.82672234248478,0
