"Sp1.TL1","Sp2.TL1","Sp3.TL1","Sp4.TL2","Sp5.TL3"
-1,0,0,9.11852917097094,0
0,-1,0,0,2.61696928806126
0,0,-1,3.38147082902906,0
-9.11852917097094,0,-3.38147082902906,0,7.38303071193874
0,-2.61696928806126,0,-7.38303071193874,0
