"Sp1.TL1","Sp2.TL1","Sp3.TL1","Sp4.TL2","Sp5.TL3"
-1,0,0,6.2574829552921,0
0,-1,0,0,5.18839230773415
0,0,-1,6.2425170447079,0
-6.2574829552921,0,-6.2425170447079,0,4.81160769226585
0,-5.18839230773415,0,-4.81160769226585,0
