"Sp1.TL1","Sp2.TL1","Sp3.TL1","Sp4.TL2","Sp5.TL3"
-1,0,0,12.5,1.37531511851943
0,-1,0,0,0.0941268103613803
0,0,-1,0,8.50196982920164
-12.5,0,0,0,0.0285882419175549
-1.37531511851943,-0.0941268103613803,-8.50196982920164,-0.0285882419175549,0
