"Sp1.TL1","Sp2.TL1","Sp3.TL1","Sp4.TL2","Sp5.TL3"
-1,0,0,0,2.37687488650501
0,-1,0,12.5,0
0,0,-1,0,5.7183233398095
0,-12.5,0,0,1.9048017736855
-2.37687488650501,0,-5.7183233398095,-1.9048017736855,0
