"Sp1.TL1","Sp2.TL1","Sp3.TL1","Sp4.TL2","Sp5.TL3"
-1,0,0,0,1.42695524222992
0,-1,0,0,7.48635356961437
0,0,-1,12.5,0.068764327627225
0,0,-12.5,0,1.01792686052849
-1.42695524222992,-7.48635356961437,-0.068764327627225,-1.01792686052849,0
