"Sp1.TL1","Sp2.TL1","Sp3.TL1","Sp4.TL2","Sp5.TL3"
-1,0,0,0,1.07621519254382
0,-1,0,0,2.78115078985311
0,0,-1,12.5,0
0,0,-12.5,0,6.14263401760307
-1.07621519254382,-2.78115078985311,0,-6.14263401760307,0
