"Sp1.TL1","Sp2.TL1","Sp3.TL1","Sp4.TL2","Sp5.TL3"
-1,0,0,0,1.45923534628161
0,-1,0,8.08887340936393,0
0,0,-1,4.41112659063607,7.57068803288554
0,-8.08887340936393,-4.41112659063607,0,0.97007662083285
-1.45923534628161,0,-7.57068803288554,-0.97007662083285,0
