"Sp1.TL1","Sp2.TL1","Sp3.TL1","Sp4.TL2","Sp5.TL3"
-1,0,0,9.84863561086651,0
0,-1,0,0,5.65682884795657
0,0,-1,2.6513643891335,0
-9.84863561086651,0,-2.6513643891335,0,4.34317115204343
0,-5.65682884795657,0,-4.34317115204343,0
