"Sp1.TL1","Sp2.TL1","Sp3.TL1","Sp4.TL2","Sp5.TL3"
-1,0,0,4.04058615022242,0
0,-1,0,0,4.88557158462927
0,0,-1,8.45941384977758,0
-4.04058615022242,0,-8.45941384977758,0,5.11442841537073
0,-4.88557158462927,0,-5.11442841537073,0
