"Sp1.TL1","Sp2.TL1","Sp3.TL1","Sp4.TL2","Sp5.TL3"
-1,0,0,7.9283772885044,0
0,-1,0,0.387417870630884,7.49303188651188
0,0,-1,4.18420484086471,0
-7.9283772885044,-0.387417870630884,-4.18420484086471,0,2.50696811348812
0,-7.49303188651188,0,-2.50696811348812,0
