"Sp1.TL1","Sp2.TL1","Sp3.TL1","Sp4.TL2","Sp5.TL3"
-1,0,0,0,2.83817401584439
0,-1,0,10.8219481513978,0
0,0,-1,1.6780518486022,0
0,-10.8219481513978,-1.6780518486022,0,7.16182598415561
-2.83817401584439,0,0,-7.16182598415561,0
