"Sp1.TL1","Sp2.TL1","Sp3.TL1","Sp4.TL2","Sp5.TL3"
-1,0,0,10.6521261140762,0
0,-1,0,0,3.72239432237172
0,0,-1,1.84787388592376,0
-10.6521261140762,0,-1.84787388592376,0,6.27760567762828
0,-3.72239432237172,0,-6.27760567762828,0
