"Sp1.TL1","Sp2.TL1","Sp3.TL1","Sp4.TL2","Sp5.TL3"
-1,0,0,4.32061752214303,1.80443728858944
0,-1,0,2.91176636209428,4.60417139062545
0,0,-1,5.26761611576268,0
-4.32061752214303,-2.91176636209428,-5.26761611576268,0,3.59139132078511
-1.80443728858944,-4.60417139062545,0,-3.59139132078511,0
