"Sp1.TL1","Sp2.TL1","Sp3.TL1","Sp4.TL2","Sp5.TL3"
-1,0,0,12.5,0
0,-1,0,0,4.13343203113013
0,0,-1,0,0.961242513309877
-12.5,0,0,0,4.90532545555999
0,-4.13343203113013,-0.961242513309877,-4.90532545555999,0
