"Sp1.TL1","Sp2.TL1","Sp3.TL1","Sp4.TL2","Sp5.TL3"
-1,0,0,1.35273526899492,0
0,-1,0,0,3.08052572747231
0,0,-1,11.1472647310051,0
-1.35273526899492,0,-11.1472647310051,0,6.91947427252769
0,-3.08052572747231,0,-6.91947427252769,0
