"Sp1.TL1","Sp2.TL1","Sp3.TL1","Sp4.TL2","Sp5.TL3"
-1,0,0,0,2.51897114931599
0,-1,0,0,0.706082005079304
0,0,-1,12.5,0
0,0,-12.5,0,6.77494684560471
-2.51897114931599,-0.706082005079304,0,-6.77494684560471,0
