"Sp1.TL1","Sp2.TL1","Sp3.TL1","Sp4.TL2","Sp5.TL3"
-1,0,0,10.9821186172928,0
0,-1,0,1.51788138270719,0
0,0,-1,0,2.87282877614758
-10.9821186172928,-1.51788138270719,0,0,7.12717122385242
0,0,-2.87282877614758,-7.12717122385242,0
