"Sp1.TL1","Sp2.TL1","Sp3.TL1","Sp4.TL2","Sp5.TL3"
-1,0,0,8.55954876441583,0
0,-1,0,3.94045123558417,0
0,0,-1,0,4.95728143341078
-8.55954876441583,-3.94045123558417,0,0,5.04271856658922
0,0,-4.95728143341078,-5.04271856658922,0
