"Sp1.TL1","Sp2.TL1","Sp3.TL1","Sp4.TL2","Sp5.TL3"
-1,0,0,12.5,0
0,-1,0,0,4.34680482542284
0,0,-1,0,0.159252378846862
-12.5,0,0,0,5.4939427957303
0,-4.34680482542284,-0.159252378846862,-5.4939427957303,0
