"Sp1.TL1","Sp2.TL1","Sp3.TL1","Sp4.TL2","Sp5.TL3"
-1,0,0,0,6.82035053922372
0,-1,0,11.8930475960037,0
0,0,-1,0.606952403996299,0
0,-11.8930475960037,-0.606952403996299,0,3.17964946077628
-6.82035053922372,0,0,-3.17964946077628,0
