"Sp1.TL1","Sp2.TL1","Sp3.TL1","Sp4.TL2","Sp5.TL3"
-1,0,0,0,6.46661455555938
0,-1,0,4.67212533311697,0.390249684238227
0,0,-1,7.82787466688303,0
0,-4.67212533311697,-7.82787466688303,0,3.1431357602024
-6.46661455555938,-0.390249684238227,0,-3.1431357602024,0
