"Sp1.TL1","Sp2.TL1","Sp3.TL1","Sp4.TL2","Sp5.TL3"
-1,0,0,10.2806822862871,0
0,-1,0,0,3.36353612391848
0,0,-1,2.21931771371287,0
-10.2806822862871,0,-2.21931771371287,0,6.63646387608152
0,-3.36353612391848,0,-6.63646387608152,0
