"Sp1.TL1","Sp2.TL1","Sp3.TL1","Sp4.TL2","Sp5.TL3"
-1,0,0,0.360342916332384,4.00681271833645
0,-1,0,5.46439959801333,0
0,0,-1,6.67525748565428,0
-0.360342916332384,-5.46439959801333,-6.67525748565428,0,5.99318728166355
-4.00681271833645,0,0,-5.99318728166355,0
