"Sp1.TL1","Sp2.TL1","Sp3.TL1","Sp4.TL2","Sp5.TL3"
-1,0,0,8.23270673758232,0
0,-1,0,0,4.39329254747607
0,0,-1,4.26729326241768,0
-8.23270673758232,0,-4.26729326241768,0,5.60670745252393
0,-4.39329254747607,0,-5.60670745252393,0
