"Sp1.TL1","Sp2.TL1","Sp3.TL1","Sp4.TL2","Sp5.TL3"
-1,0,0,9.67294689128762,0
0,-1,0,0,4.71173977623871
0,0,-1,2.82705310871238,0
-9.67294689128762,0,-2.82705310871238,0,5.28826022376129
0,-4.71173977623871,0,-5.28826022376129,0
