"Sp1.TL1","Sp2.TL1","Sp3.TL1","Sp4.TL2","Sp5.TL3"
-1,0,0,0,5.84081625814114
0,-1,0,0.942701474337196,1.91650577375109
0,0,-1,11.5572985256628,0
0,-0.942701474337196,-11.5572985256628,0,2.24267796810777
-5.84081625814114,-1.91650577375109,0,-2.24267796810777,0
