"Sp1.TL1","Sp2.TL1","Sp3.TL1","Sp4.TL2","Sp5.TL3"
-1,0,0,7.38059794745825,0
0,-1,0,5.11940205254175,1.14433229835222
0,0,-1,0,3.45782223599794
-7.38059794745825,-5.11940205254175,0,0,5.39784546564984
0,-1.14433229835222,-3.45782223599794,-5.39784546564984,0
