"Sp1.TL1","Sp2.TL1","Sp3.TL1","Sp4.TL2","Sp5.TL3"
-1,0,0,12.0608826049279,0
0,-1,0,0,9.23392367929361
0,0,-1,0.439117395072087,0
-12.0608826049279,0,-0.439117395072087,0,0.766076320706395
0,-9.23392367929361,0,-0.766076320706395,0
