"Sp1.TL1","Sp2.TL1","Sp3.TL1","Sp4.TL2","Sp5.TL3"
-1,0,0,12.1341030714352,1.2745295504339
0,-1,0,0.365896928564841,0
0,0,-1,0,2.49191476631985
-12.1341030714352,-0.365896928564841,0,0,6.23355568324625
-1.2745295504339,0,-2.49191476631985,-6.23355568324625,0
