"Sp1.TL1","Sp2.TL1","Sp3.TL1","Sp4.TL2","Sp5.TL3"
-1,0,0,0,7.8241455926031
0,-1,0,8.34582718835158,0
0,0,-1,4.15417281164842,0
0,-8.34582718835158,-4.15417281164842,0,2.1758544073969
-7.8241455926031,0,0,-2.1758544073969,0
