"Sp1.TL1","Sp2.TL1","Sp3.TL1","Sp4.TL2","Sp5.TL3"
-1,0,0,1.21308308566041,0
0,-1,0,0,8.12649718141441
0,0,-1,11.2869169143396,0
-1.21308308566041,0,-11.2869169143396,0,1.87350281858559
0,-8.12649718141441,0,-1.87350281858559,0
