"Sp1.TL1","Sp2.TL1","Sp3.TL1","Sp4.TL2","Sp5.TL3"
-1,0,0,8.28307370229459,1.30606057878189
0,-1,0,4.21692629770541,0.390024728138607
0,0,-1,0,6.13809119226405
-8.28307370229459,-4.21692629770541,0,0,2.16582350081546
-1.30606057878189,-0.390024728138607,-6.13809119226405,-2.16582350081546,0
