"Sp1.TL1","Sp2.TL1","Sp3.TL1","Sp4.TL2","Sp5.TL3"
-1,0,0,0,6.48683738394466
0,-1,0,8.55906768175691,0
0,0,-1,3.94093231824308,0
0,-8.55906768175691,-3.94093231824308,0,3.51316261605534
-6.48683738394466,0,0,-3.51316261605534,0
