"Sp1.TL1","Sp2.TL1","Sp3.TL1","Sp4.TL2","Sp5.TL3"
-1,0,0,0,1.44887210633593
0,-1,0,0,1.34032035833239
0,0,-1,12.5,0
0,0,-12.5,0,7.21080753533167
-1.44887210633593,-1.34032035833239,0,-7.21080753533167,0
