"Sp1.TL1","Sp2.TL1","Sp3.TL1","Sp4.TL2","Sp5.TL3"
-1,0,0,8.46799493102018,0
0,-1,0,0,9.82889089708819
0,0,-1,4.03200506897983,0
-8.46799493102018,0,-4.03200506897983,0,0.171109102911812
0,-9.82889089708819,0,-0.171109102911812,0
