"Sp1.TL1","Sp2.TL1","Sp3.TL1","Sp4.TL2","Sp5.TL3"
-1,0,0,5.82641755368084,3.5227798365643
0,-1,0,0,3.31668840250134
0,0,-1,6.67358244631916,0
-5.82641755368084,0,-6.67358244631916,0,3.16053176093436
-3.5227798365643,-3.31668840250134,0,-3.16053176093436,0
