"Sp1.TL1","Sp2.TL1","Sp3.TL1","Sp4.TL2","Sp5.TL3"
-1,0,0,3.13639259039233,0
0,-1,0,0,3.51898107525393
0,0,-1,9.36360740960767,0
-3.13639259039233,0,-9.36360740960767,0,6.48101892474607
0,-3.51898107525393,0,-6.48101892474607,0
