"Sp1.TL1","Sp2.TL1","Sp3.TL1","Sp4.TL2","Sp5.TL3"
-1,0,0,0,9.05195166844801
0,-1,0,10.005780760593,0
0,0,-1,2.49421923940701,0
0,-10.005780760593,-2.49421923940701,0,0.948048331551986
-9.05195166844801,0,0,-0.948048331551986,0
