"Sp1.TL1","Sp2.TL1","Sp3.TL1","Sp4.TL2","Sp5.TL3"
-1,0,0,12.5,0
0,-1,0,0,6.00128142668796
0,0,-1,0,0.868591302908205
-12.5,0,0,0,3.13012727040384
0,-6.00128142668796,-0.868591302908205,-3.13012727040384,0
