"Sp1.TL1","Sp2.TL1","Sp3.TL1","Sp4.TL2","Sp5.TL3"
-1,0,0,4.1883313278357,0
0,-1,0,2.9371518769397,3.35638177600212
0,0,-1,5.37451679522459,0.676162752473317
-4.1883313278357,-2.9371518769397,-5.37451679522459,0,5.96745547152456
0,-3.35638177600212,-0.676162752473317,-5.96745547152456,0
