"Sp1.TL1","Sp2.TL1","Sp3.TL1","Sp4.TL2","Sp5.TL3"
-1,0,0,4.11190869203043,9.3910869993243
0,-1,0,0.658583632000285,0
0,0,-1,7.72950767596929,0
-4.11190869203043,-0.658583632000285,-7.72950767596929,0,0.608913000675704
-9.3910869993243,0,0,-0.608913000675704,0
