"Sp1.TL1","Sp2.TL1","Sp3.TL1","Sp4.TL2","Sp5.TL3"
-1,0,0,0,6.69826607336025
0,-1,0,0.887685625497014,0
0,0,-1,11.612314374503,0
0,-0.887685625497014,-11.612314374503,0,3.30173392663975
-6.69826607336025,0,0,-3.30173392663975,0
