"Sp1.TL1","Sp2.TL1","Sp3.TL1","Sp4.TL2","Sp5.TL3"
-1,0,0,0,8.12503111184185
0,-1,0,1.80875270228368,0
0,0,-1,10.6912472977163,0
0,-1.80875270228368,-10.6912472977163,0,1.87496888815814
-8.12503111184185,0,0,-1.87496888815814,0
