"Sp1.TL1","Sp2.TL1","Sp3.TL1","Sp4.TL2","Sp5.TL3"
-1,0,0,12.5,0
0,-1,0,0,4.29158402691215
0,0,-1,0,5.69723398721966
-12.5,0,0,0,0.0111819858681919
0,-4.29158402691215,-5.69723398721966,-0.0111819858681919,0
